Site/file, Count
https://cdn.cookielaw.org,112
https://cdn.jsdelivr.net,2
https://cdnjs.cloudflare.com,2
https://centinelapi.cardinalcommerce.com,2
https://code.jquery.com,1
https://d34ix7mqwpr6gh.cloudfront.net,168
https://ddc.worldpay.com,40
https://dzppsd1hh6hx7hsz2t2kk34kfmdzeqqlmjpugsfua3a1c5c2a2ca9a04am1.e.aa.online-metrix.net,1
https://dzppsd1hh6hx7hsz2t2kk34kfmdzeqqlmjpugsfuc252314dc1a5f083am1.e.aa.online-metrix.net,1
https://ekr.zdassets.com,8
https://fonts.gstatic.com,22
https://geo.cardinalcommerce.com,5
https://geolocation.onetrust.com,1
https://h.online-metrix.net,2
https://h64.online-metrix.net,2
https://k584otvs.cdn.imgeng.in,227
https://pay.google.com,3
https://payments.worldpay.com,29
https://play.google.com,16
https://static.zdassets.com,48
https://util.cardinalcommerce.com,2
https://webchat-6t53z.zendesk.com,8
https://widget.trustpilot.com,8
https://www.googletagmanager.com,8
https://www.gstatic.com,7
https://www.paypalobjects.com,1
https://www.yamahamusiclondon.com,46
wss://widget-mediator.zopim.com,8
